point_id,ALOSelev,ALOSslope,ALOSaspect
A1_P1,2200,40.98985672,4.01982069
A1_P2,2230,37.60689926,353.339447
A1_P3,2299,31.76034355,357.7442627
A1_P4,2255,37.20369339,316.3622131
A1_P5,2260,29.08205032,260.3113403
A2_P1,2315,28.1480751,331.9266968
A2_P2,2327,32.4589653,16.31541634
A2_P3,2329,19.76146889,350.2378845
A2_P4,2349,11.05096054,286.9613647
A2_P5,2376,27.87586975,315.0607605
A3_P1,2252,31.38503838,266.9407349
A3_P2,2301,14.56963253,270
A3_P3,2317,9.407140732,281.3329773
A3_P4,2320,27.80802155,96.64646912
A3_P5,2333,23.82242203,116.8497314
A4_P1,2427,28.63360596,12.4568367
A4_P2,2432,29.40430832,316.22995
A4_P3,2383,33.78367996,319.496582
A4_P4,2399,28.1281929,294.2733459
A4_P5,2411,9.627045631,286.7328186
A5_P1,2232,26.57376099,135.0604401
A5_P2,2256,20.47193146,98.14704895
A5_P3,2299,31.83721542,135.0604095
A5_P4,2234,16.35163879,19.40210342
A5_P5,2273,24.97298813,26.9637413
A6_P1,2434,27.23995399,19.82852745
A6_P2,2464,28.2753334,38.80379105
A6_P3,2488,27.64291191,42.42297745
A6_P4,2436,33.52312088,53.42385483
A6_P5,2383,29.94089317,57.03969955
A7_P1,2244,24.30950165,349.1173401
A7_P2,2257,24.23564911,129.931076
A7_P3,2313,31.05722427,162.3344269
A7_P4,2279,19.88890076,114.5960236
A7_P5,2313,25.83448029,24.79643822
A8_P1,2494,29.82919121,110.7862244
A8_P2,2503,29.06150055,166.9063568
A8_P3,2466,32.36699295,167.4171906
A8_P4,2525,19.72521019,99.80269623
A8_P5,2561,11.53503609,125.3294907
A9_P1,2627,30.74591064,129.5141449
A9_P2,2602,24.35024643,115.0011597
A9_P3,2593,24.71298027,69.28546906
A9_P4,2630,16.42162704,101.9538803
A9_P5,2684,38.72176743,86.21655273
A10_P1,2225,20.43392563,64.78573608
A10_P2,2186,27.50799751,38.60109329
A10_P3,2136,11.75627041,95.61103821
A10_P4,2161,24.4944973,162.8934937
A10_P5,2215,38.24514771,142.1832733
A11_P1,2220,15.67063427,19.4480896
A11_P2,2256,16.72041512,39.44822693
A11_P3,2263,32.52296448,80.81858063
A11_P4,2300,29.85294342,19.42451477
A11_P5,2311,23.66462898,49.45413208
A12_P1,2107,26.69259453,191.6493225
A12_P2,2110,29.63858032,126.929039
A12_P3,2073,28.57680702,107.3891068
A12_P4,2088,23.34668732,171.8871307
A12_P5,2052,15.46173191,208.0213013
ABF1,2941,17.49990654,284.1960449
ABF2,2883,12.71540451,352.7363586
ABF3,2832,13.53808308,293.9315491
ABF4,2931,7.204366207,268.1550598
ABF5,2898,9.662766457,248.990036
ABF6,2878,2.834485531,170.5243683
ABP1,2780,16.13683128,302.3098755
ABP2,2737,16.07580757,278.1184692
ABP3,2684,16.82774925,284.0166931
ABP4,2722,12.61866474,178.9568939
ABP5,2739,19.8644352,194.3689423
ABP6,2753,7.942557812,263.2996216
ALF1,1163,30.08187866,127.6786499
ALF2,1216,27.10261345,137.0187531
ALF3,1241,40.52513123,107.4531708
ALP1,1250,11.62742043,67.92758942
ALP2,1351,39.31326675,124.1657104
ALP3,1304,36.72097397,189.0752411
ATF1,2610,2.980645895,51.29788208
ATF2,2598,4.414750099,341.5910034
ATF3,2579,6.59793663,71.53909302
ATF4,2341,5.816666126,298.645813
ATF5,2311,6.265708923,267.8757935
ATF6,2276,4.669592857,275.7189026
ATP1,2678,9.680081367,77.60054779
ATP2,2646,13.10110188,102.1130753
ATP3,2618,19.71954155,206.2386932
ATP4,2355,7.010958672,34.17656708
ATP5,2330,5.584042072,315.0419922
ATP6,2308,9.153218269,312.9964294
BEA1,3853,14.10795021,209.0265656
BEA2,3809,19.20882607,277.3822021
BEA3,3804,9.423433304,120.9929428
BEA4,3723,14.28210163,243.4082642
BEA5,3712,14.96509171,296.2017517
BEA6,3754,13.48839283,270.972168
BEA7,3786,21.25131416,322.683136
BEA8,3783,13.90762901,317.6965942
BEA9,3804,25.87918472,3.362501144
BEA10,3742,4.210517883,83.65248108
BEA11,3729,13.40388775,126.7062836
BEA12,3676,17.61148643,99.59389496
BEA13,3787,10.29616642,214.0151367
BEA14,3808,15.87281132,9.047596931
BEA15,3820,12.20636463,163.6283875
BEA16,3793,20.11291122,87.45222473
BEA17,3777,22.03467369,15.13715649
BEA18,3753,17.82846832,34.66373825
BEA19,3654,24.45204163,227.1412964
BEA20,3706,15.0007782,149.9604034
BEA21,3722,19.92134285,134.1239777
BEP1,3696,9.112233162,300.494873
BEP2,3655,2.330458879,360
BEP3,3665,3.961782932,310.2694702
BRF1,1842,18.62716675,306.2718506
BRF2,1825,20.70034409,284.9796753
BRF3,1808,15.12475204,302.8233643
BRF4,1772,13.18243694,297.9776001
BRF5,1797,25.84752846,358.5607605
BRF6,1754,22.37606812,341.6232605
BRP1,1863,13.3450861,128.1411285
BRP2,1844,12.17386627,181.0772705
BRP3,1852,4.933813095,188.1030121
BRP4,1825,15.23511028,142.3690948
BRP5,1784,6.315471649,197.0480652
BRP6,1762,11.12147617,155.6293793
C1_P1,1519,16.52173233,260.5238037
C1_P2,1551,17.06452751,276.8529053
C1_P3,1517,33.04102325,29.57484245
C1_P4,1564,21.04175949,6.063466549
C1_P5,1603,12.73954964,307.7356567
C2_P1,1926,23.70018005,349.33078
C2_P2,1882,30.92167473,289.4454956
C2_P3,1836,20.8352375,290.0107727
C2_P4,1846,34.2947998,309.2354736
C2_P5,1864,26.22196007,259.0448303
C3_P1,2070,25.46876717,1.466584682
C3_P2,2112,17.61660576,358.5334167
C3_P3,2129,32.28134537,345.0901489
C3_P4,2080,38.27751541,322.5812683
C3_P5,1999,36.96366119,326.9507751
C4_P1,1534,13.89588165,284.2851257
C4_P3,1539,12.25666046,277.5350342
C4_P5,1607,25.57365417,249.0734406
C5_P1,1745,29.52531815,187.420166
C5_P2,1753,29.29366493,161.8538513
C5_P3,1753,26.79224968,307.1889343
C5_P4,1747,31.78916931,308.1154175
C5_P5,1726,29.32749939,284.2582397
C6_P1,1755,31.11450958,326.0296631
C6_P2,1785,34.83695984,315.9912109
C6_P3,1782,28.79295349,334.6074829
C6_P4,1805,32.65481949,77.53134918
C6_P5,1791,32.02849197,16.99577713
C7_P1,1611,37.95559692,31.74334145
C7_P2,1646,33.05807114,62.43783569
C7_P3,1667,25.6301918,100.755394
C7_P4,1632,38.85149002,105.5318375
C7_P5,1613,37.62213516,135.9000397
C8_P1,1510,28.90691948,133.8511505
C8_P3,1507,25.3157711,148.4000549
C8_P5,1442,19.44525719,231.5027161
C9_P1,1710,42.61582565,242.0392303
C9_P2,1691,37.16385651,234.5628204
C9_P3,1678,29.53595924,219.1297455
C9_P4,1754,40.44586945,237.0268402
C9_P5,1831,34.06761932,239.2331238
C10_P1,1771,33.68529129,198.8500366
C10_P2,1762,36.81357193,137.6870422
C10_P3,1779,40.46688461,99.61164093
C10_P4,1836,31.04047775,117.8134232
C10_P5,1891,36.67451477,119.8221741
C11_P1,1832,9.68001461,257.6004639
C11_P2,1833,6.758800507,58.99664688
C11_P3,1833,10.65481663,201.5406189
C11_P4,1787,22.54782867,246.9163055
C11_P5,1751,30.12059212,258.67276
C12_P1,1620,13.70922089,271.9120483
C12_P2,1622,19.05587006,269.3249207
C12_P3,1626,16.64085197,247.5890808
C12_P4,1655,18.82969093,230.7639465
C12_P5,1679,15.16765404,256.9862366
C13_P1,1880,30.48266792,251.0378265
C13_P2,1945,37.33240891,230.5818024
C13_P3,2006,27.57883835,248.9973297
C13_P4,1997,33.48249817,225.9526978
C13_P5,1968,22.96866989,217.1577148
C14_P1,1574,7.652450085,358.2669067
C14_P2,1584,12.58549404,56.8488884
C14_P3,1605,20.25507736,116.8823547
C14_P4,1637,26.93383598,66.89042664
C14_P5,1639,30.34415627,62.6878624
C15_P1,1960,26.45091057,344.8495483
C15_P2,1969,7.875237942,28.03554153
C15_P3,1990,21.23633957,96.61502075
C15_P4,1996,19.33286476,356.0152588
C15_P5,1948,22.39016724,343.379364
C16_P1,1516,43.26931,69.50143433
C16_P2,1537,42.18278885,90.7719574
C16_P3,1557,35.57490158,96.20605469
C16_P4,1612,33.40526199,93.53781891
C16_P5,1646,30.04601479,94.03455353
C17_P1,1283,32.69998169,241.6122131
C17_P3,1257,15.76675701,221.4514008
C17_P5,1263,29.70788574,156.9414368
CCF1,893,32.60565948,165.2508698
CCF2,864,16.06956291,227.3018188
CCF3,833,15.76643276,114.7089615
CCF4,841,8.350618362,289.4327698
CCF5,827,21.73647881,220.041687
CCF6,785,12.79661083,143.7351837
CCP1,885,14.30616188,286.6938477
CCP2,873,16.33738136,358.4083252
CCP3,883,14.90627956,66.57848358
CCP4,952,21.97668457,92.89024353
CCP5,928,24.72603798,26.79979134
CCP6,917,12.48858929,252.9030151
CHA1,3660,9.278058052,63.35816956
CHA2,3650,6.029733658,195.5924988
CHA3,3655,10.36102009,339.2092896
CHA4,3650,12.75185966,104.5814819
CHA5,3634,2.325446844,126.962677
CHA6,3636,1.858460188,270
CHA7,NA,NA,NA
CHA8,NA,NA,NA
CHA9,NA,NA,NA
CHA10,3450,11.82312202,208.9724121
CHA11,3419,20.67298126,286.9302063
CHA12,3398,13.50449944,265.1396484
CHA10d,3378,24.41471481,174.3602142
CHA11d,3362,13.11710358,150.8368683
CHA12d,3391,12.42707253,184.2216034
CHA13,3383,16.22002029,159.6037292
CHA14,3396,11.79855251,65.84920502
CHA15,3417,13.50796795,78.27047729
CHA16,3308,15.26226616,126.6261139
CHA17,3300,7.194096565,178.1589355
CHA18,3300,13.42523289,99.81651306
CHA19,3174,10.22052193,305.9350586
CHA20,3168,3.751152754,330.3434448
CHA21,3174,2.834102631,9.429081917
CHA22,3298,8.178732872,47.18894958
CHA23,3302,4.004802704,100.0429611
CHA24,3294,7.769551754,59.53171539
CHF1,3372,23.57751083,286.8027039
CHF2,3372,17.83314896,264.9196472
CHF3,3415,18.93690109,216.2361755
CHP1,3625,5.261713982,311.5183411
CHP2,3623,13.62240982,230.3465424
CHP3,3555,22.62537384,189.523056
CORE1_1,1416,19.7249279,308.629425
CORE1_1A,1416,16.29211807,270
CORE1_2,1421,14.76404285,298.6012573
CORE1_2A,1390,10.72950459,301.0281372
CORE1_3,1379,5.664285183,305.0605469
CORE2_1,1415,12.66673946,174.8186035
CORE2_1A,1421,5.348178864,34.31293488
CORE2_2,1411,4.611736298,49.01402283
CORE2_2A,1394,13.99617195,276.5626831
CORE2_3,1387,11.69652748,223.3367004
CORE3_1,1356,7.646173,35.06637955
CORE3_1A,1352,3.632031679,50.12353134
CORE3_2,1345,6.839488029,298.3609314
CORE3_2A,1339,8.586356163,332.8032532
CORE3_3,1333,10.71527958,334.5924683
CORE4_1,1405,9.80436039,299.6402893
CORE4_1A,1417,12.58772469,268.955719
CORE4_2,1428,6.027130604,292.6714783
CORE4_2A,1389,9.515884399,320.9772339
CORE4_3,1362,26.25474358,3.302581787
CORE5_1,1442,42.64390182,42.0655098
CORE5_1A,1464,39.62833405,43.33654404
CORE5_2,1458,22.20115662,44.92759323
CORE5_2A,1525,32.77593613,45.95063019
CORE5_3,1536,27.42982674,144.6351318
CORE6_1,1580,23.63036156,138.08461
CORE6_1A,1628,24.50258636,130.0074615
CORE6_2,1634,25.6640358,181.9365997
CORE6_2A,1657,17.15959358,116.6228027
CORE6_3,1683,28.92052078,132.0903015
CORE7_1,1425,21.06654739,251.5211792
CORE7_1A,1443,28.64042282,275.1303101
CORE7_2,1499,28.02938652,291.5266724
CORE7_2A,1514,21.59893036,291.0865173
CORE7_3,1517,6.565940857,8.109671593
CORE8_1,1555,8.42760849,279.4861145
CORE8_1A,1543,9.69049263,115.4029541
CORE8_2,1553,8.267381668,63.37621689
CORE8_2A,1518,25.10390663,261.0047607
CORE8_3,1492,29.70001984,265.0884094
CORE9_1,1618,40.2445755,296.8702087
CORE9_1A,1650,27.63856316,262.856842
CORE9_2,1675,27.07810402,280.0860596
CORE9_2A,1704,19.77564812,302.1402588
CORE9_3,1707,18.23881149,321.0809326
CQF1,2495,23.95886803,336.3238831
CQF2,2382,34.70830536,309.3870544
CQF3,2340,30.28959846,279.625946
CQF4,2172,17.57561493,267.0541077
CQF5,2149,24.23639488,270.5179749
CQF6,2102,23.51713943,200.7406158
CQF7,2212,21.30704117,251.1273956
CQF8,2246,19.4987545,251.9217529
CQF9,2240,22.25733185,49.73252487
CQP1,2043,12.66901493,319.4972534
CQP2,2040,18.48827553,229.8287354
CQP3,2072,11.91437721,340.9281006
EAST_FOREST1,2381,18.75802231,312.1494141
EAST_FOREST2,2465,5.020089626,346.6347961
EAST_FOREST3,2397,30.5906868,240.7407379
EPF1,420,26.10165024,324.4933167
EPF2,486,25.80750847,353.2415161
EPF3,496,4.931331635,315.0328674
EPF4,325,26.48848915,275.6239624
EPF5,239,24.83933449,353.4447021
EPF6,199,12.74584103,322.3372498
EPF7,249,16.18270874,78.67749023
EPF8,212,6.758964539,95.91281891
EPF9,238,12.01873875,313.4845276
EPF10,443,11.01031303,116.055809
EPF11,447,4.475946903,171.0376282
EPF12,456,13.34921551,354.1006775
EPP1,185,3.30811429,230.6789246
EPP2,185,5.993288994,324.4927979
EPP3,189,7.782562733,292.7739563
EPP4,180,1.647419691,135.0319519
EPP5,182,4.018478394,189.9970551
EPP6,183,3.54373765,66.77825928
EPP7,333,22.32981491,88.29666138
EPP8,288,23.26742554,105.3672409
EPP9,208,7.989121914,100.019455
EPP10,256,10.42845249,96.34759521
EPP11,305,23.51490402,187.5150757
EPP12,299,21.13846207,179.3976135
EXTRA1_1,1342,42.77330399,300.6823425
EXTRA1_2,1331,37.40765381,307.7316284
EXTRA1_3,1436,9.192152977,51.04447174
EXTRA10_1,1578,25.78961182,317.1173096
EXTRA10_2,1581,27.54816437,65.57563782
EXTRA10_3,1595,22.60183907,231.2697601
EXTRA11_1,1321,28.09731293,307.0269165
EXTRA11_2,1301,8.781065941,86.97956848
EXTRA11_3,1347,38.04933929,132.1257935
EXTRA2_1,1391,24.86375237,266.9796143
EXTRA2_2,1462,22.98627472,233.5000153
EXTRA2_3,1340,22.34214401,273.9746399
EXTRA3_1,1357,14.70697594,352.8926697
EXTRA3_2,1396,19.36906242,303.7566223
EXTRA3_3,1393,27.49682045,350.1202087
EXTRA4_1,1517,33.09162521,344.0926208
EXTRA4_2,1526,33.59884262,212.9434662
EXTRA4_3,1549,25.04572105,272.4958191
EXTRA5_1,1426,31.18311882,298.5173035
EXTRA5_2,1401,26.67124176,247.1149139
EXTRA5_3,1429,29.08004951,343.4604492
EXTRA6_1,1755,25.70243454,197.1687927
EXTRA6_2,1842,30.51531219,153.8457336
EXTRA6_3,1838,9.872177124,142.6642609
EXTRA7_1,1946,16.84166908,149.3635254
EXTRA7_2,1988,17.41145515,177.7744293
EXTRA7_3,2035,35.22505569,141.6164398
EXTRA8_1,2244,30.76552582,21.60677719
EXTRA8_2,2299,37.74303055,56.4940834
EXTRA8_3,2308,25.73668671,113.3775253
EXTRA9_1,2486,19.04833031,92.02643585
EXTRA9_2,2498,16.86860275,69.57670593
EXTRA9_3,2521,15.66998577,199.4410248
FOREST_FAR1,2380,42.13584518,131.052887
FOREST_FAR1A,2351,31.50243759,159.4397888
FOREST_FAR2,2338,41.59864044,198.3981934
FOREST_FAR2A,2316,22.25365257,199.1175995
FOREST_FAR3,2292,21.20463181,167.302002
FOREST_MID1,2507,10.35915852,32.22052765
FOREST_MID1A,2529,21.18939972,4.205235481
FOREST_MID2,2544,27.07736969,13.78672028
FOREST_MID2A,2470,31.30468559,128.0014343
FOREST_MID3,2455,27.83363533,90.88328552
FVF1,3414,14.02614021,163.9790039
FVF2,3372,35.30826187,173.7539673
FVF3,3310,27.28176117,307.416626
FVP1,3521,19.84820938,90.64597321
FVP2,3295,18.54744911,51.78552246
FVP3,3372,26.20435143,81.44010925
GAF2,2545,29.87302971,301.1453247
GAF3,2549,24.44688988,54.41693497
GAF4,2529,19.90222931,260.9455261
GAF5,2506,14.92767715,167.681076
GAF6,2520,9.170952797,139.1333618
GAF7,2503,19.91069984,325.105896
GAF8,2507,13.92311573,319.0386047
GAF9,2502,28.0536499,339.9359436
GAF10,2365,10.83079529,1.21697402
GAF11,2391,11.2013588,9.447796822
GAF12,2400,17.21869087,13.65073586
GAF13,2203,8.831498146,312.923584
GAF14,2168,9.468394279,315.0447388
GAF15,2138,9.15376091,317.0899658
GAF16,2234,25.15807724,8.958489418
GAF17,2212,10.17724323,264.7973022
GAF18,2249,22.84967041,30.73356628
GAP1,2502,8.796588898,113.2336502
GAP2,2493,1.864737272,180
GAP3,2482,7.919885159,142.1719818
GAP4,2340,5.008854866,21.77062416
GAP5,2336,2.084008217,333.4706116
GAP6,2321,5.310867786,336.8336182
HTF1,1628,24.78632164,296.7095032
HTF2,1671,23.04756927,86.70983887
HTF3,1664,17.91487503,42.03501129
HTF4,1570,23.78882599,158.8177338
HTF5,1532,31.78097343,151.6649933
HTF6,1501,35.5999794,162.7436981
HTP1,1588,24.35427666,285.1131897
HTP2,1591,30.1615448,168.6508789
HTP3,1564,22.09323692,239.9147339
HTP4,1450,25.85941124,47.1486969
HTP5,1404,20.14131165,57.81790924
HTP6,1401,10.39164734,122.1819458
IGF1,2831,23.89079857,67.87084961
IGF2,2852,9.286084175,304.9224243
IGF3,2877,11.00516987,296.0692444
IGF4,3127,21.14398575,50.06741714
IGF5,3162,33.89048386,51.83239365
IGF6,3194,31.85265541,43.358078
IGF7,3309,12.0254879,6.570317745
IGF8,3349,12.95619488,57.9485817
IGF9,3381,26.92734337,277.3653564
IGF10,3606,32.50468063,119.8797455
IGF11,3580,21.42874146,130.0078735
IGF12,3582,21.59135628,95.31031799
IGP1,3426,23.39860725,118.0507278
IGP2,3389,13.06189632,178.9966736
IGP3,3375,14.7014513,150.2984009
IGP4,3089,3.437283039,151.7415619
IGP5,3105,7.277704716,142.8139191
IGP6,3092,5.028645992,146.3566437
IGP7,2926,6.596554756,108.4649429
IGP8,2952,9.15298748,137.0952454
IGP9,2930,6.307314396,72.86911011
IGP10,2727,10.53179264,23.16353035
IGP11,2718,5.256887913,44.95164108
IGP12,2679,5.877207756,18.40601921
JUF1,1990,14.1751709,95.54773712
JUF2,1972,35.90076828,45.80435562
JUF3,1884,19.76128769,57.83137894
JUF4,2123,23.8143158,72.83829498
JUF5,2187,23.04098129,136.6526031
JUF6,2279,41.85687256,106.3581314
JUF7,2595,6.948413849,25.62839317
JUF8,2610,19.64978218,150.0219727
JUF9,2609,33.67995834,134.6106415
JUF10,2727,28.48783684,99.49619293
JUF11,2748,28.1403923,42.43341827
JUF12,2783,12.3486042,130.5889893
JUF13,2898,9.931769371,103.4395981
JUF14,2912,9.224218369,92.87284088
JUF15,2939,13.29154396,139.2880707
JUF16,3092,26.82312393,226.1978607
JUF17,3122,26.05320358,283.9696655
JUF18,3118,32.89889145,277.9553833
JUF19,2068,17.6993351,233.1755676
JUF20,2120,27.63038445,282.5731506
JUF21,2115,18.04128838,12.9489069
JUF22,2171,20.47673988,224.8960114
JUF23,2210,29.76416397,271.2232971
JUF24,2257,5.613399029,155.6342316
JUF25,2121,26.03837013,313.0824585
JUF26,2149,43.9414444,263.2094116
JUF27,2162,38.08382797,304.1160583
JUP1,2107,18.56287575,115.0972137
JUP2,2008,28.64772415,176.5958405
JUP3,2068,27.40980148,96.76043701
JUP4,2359,28.34124756,80.00636292
JUP5,2391,19.9185009,111.7540131
JUP6,2437,28.21635056,152.5494232
JUP7,2115,12.03558922,248.735672
JUP8,2136,8.711641312,190.6751862
JUP9,2158,6.630667686,36.36989212
MIXED_FAR1,2447,33.60875702,309.1018066
MIXED_FAR1A,2519,28.99728775,309.7033997
MIXED_FAR2,2511,28.40439796,239.7220459
MIXED_FAR2A,2524,20.21005821,292.0781555
MIXED_FAR3,2548,28.2735939,291.7625122
MIXED_MID1,2394,6.133741856,209.4245453
MIXED_MID1A,2402,22.50507355,271.1256714
MIXED_MID2,2413,26.73268318,245.6640015
MIXED_MID2A,2364,23.47443008,213.4860077
MIXED_MID3,2326,29.15307236,243.5737457
MIXED_NEAR1,2252,31.38503838,266.9407349
MIXED_NEAR1A,2301,14.56963253,270
MIXED_NEAR2,2317,9.407140732,281.3329773
MIXED_NEAR2A,2303,20.43561363,241.9880981
MIXED_NEAR3,2271,25.85186195,229.704483
MOF1,2271,22.46295357,258.6465759
MOF2,2243,26.21775055,180.4716492
MOF3,2235,15.43935966,131.5357513
MOF4,2276,33.53901672,299.0138245
MOF5,2387,27.92584991,256.2306213
MOF6,2422,27.99300766,209.2138519
MOF7,2468,23.26707649,116.4129105
MOF8,2507,13.95855904,243.7639618
MOF9,2561,14.41123486,169.0878601
MOF10,2626,33.54580307,303.1118469
MOF11,2724,35.94998932,281.9836731
MOF12,2780,24.46293831,169.7345886
MOF13,2871,37.41033936,127.3428726
MOF14,2956,34.05521393,128.7691345
MOF15,2961,42.76070786,147.6687317
MOF16,2987,27.33852196,178.6520844
MOF17,3006,27.84143639,241.9642334
MOF18,3107,33.27557373,131.0965881
MOP1,2323,24.44722176,148.2585602
MOP2,2272,24.3195858,142.4149017
MOP3,2170,26.57290077,132.4799957
MOP4,2218,29.10312653,195.1979523
MOP5,2091,39.90795898,216.5948029
MOP6,2098,25.09197998,198.6812134
MOP7,2973,21.3828907,130.9046783
MOP8,3032,26.30205536,113.2792282
MOP9,3043,5.733600616,148.3399048
MOP10,2544,23.87754059,58.39728546
MOP11,2657,31.07707787,84.57546997
MOP12,2714,25.36464882,66.20504761
MOP13,2444,28.4063282,62.19063568
MOP14,2374,17.04166412,38.43379211
MOP15,2359,13.03171825,127.9819412
MOP16,2539,31.65876007,130.3005219
MOP17,2526,19.65656281,130.4978943
MOP18,2583,24.85879898,94.02954865
ORF1,2538,6.861595631,61.73963165
ORF2,2593,11.93302441,344.3326721
ORF3,2625,19.20350266,118.6234665
ORP1,2540,16.83849525,94.62767029
ORP2,2554,7.195642471,200.8044739
ORP3,2522,9.825435638,23.58797836
PASTURE_FAR1,2076,29.25606918,114.0068359
PASTURE_FAR1A,2133,28.89690781,134.4628448
PASTURE_FAR2,2182,24.11065292,153.0173798
PASTURE_FAR2A,2205,28.66225624,132.648407
PASTURE_FAR3,2199,22.48747826,121.4026337
PASTURE_MID1,2132,31.46863556,105.8201981
PASTURE_MID1A,2167,28.57463646,108.7417297
PASTURE_MID2,2188,36.4248848,103.068306
PASTURE_MID2A,2138,21.61676216,61.80845261
PASTURE_MID3,2087,35.96539307,41.7605629
PASTURE_NEAR1,2198,23.33421326,136.5878296
PASTURE_NEAR1A,2238,27.48080444,119.018837
PASTURE_NEAR2,2251,16.88391113,105.5552521
PASTURE_NEAR2A,2205,21.07668304,136.7700195
PASTURE_NEAR3,2175,26.77267456,120.5417099
PLF1,222,1.352694035,121.1337433
PLF2,222,5.116816521,71.44933319
PLF3,217,8.382394791,155.7006378
PLF4,223,3.433499575,331.8595276
PLF5,213,7.069363117,148.5639343
PLF6,228,3.241489887,20.90894508
PLF7,214,4.310296059,53.56253815
PLF8,221,3.62310195,50.0051384
PLF9,213,4.369885921,237.8214874
PLF10,216,5.734656811,338.7595825
PLF11,224,1.352694511,121.133728
PLF12,220,8.985602379,85.57177734
PLF13,213,7.128230572,240.7817993
PLF14,203,3.748291731,209.5794525
PLF15,205,7.300538063,55.12459564
PLF16,201,3.088179827,76.9208374
PLF17,198,1.473416209,198.3198395
PLF18,190,2.944886208,198.3198395
PLF19,197,5.569560051,44.80764389
PLF20,196,2.197690487,251.4493256
PLF21,193,4.412478924,161.6801605
PLF22,197,4.452787399,241.9433441
PLF23,201,1.352693439,121.1337585
PLF24,193,7.188148022,159.3549957
PLP1,177,2.975630283,38.47228622
PLP2,168,1.921331167,193.9459991
PLP3,173,4.36988306,237.8214569
PLP4,166,0.98587364,315.1923523
PLP5,167,1.677511454,213.5127411
PLP6,168,1.356972933,149.2057037
PLP7,176,11.51135635,331.5509949
PLP8,173,1.648118019,351.923584
PLP9,170,3.953465939,319.9532471
PLP10,193,8.015220642,326.9444275
PLP11,173,3.037256002,4.369380951
PLP12,174,0.932615578,180
PLP13,172,2.495305061,111.9344025
PLP14,173,3.748291016,330.4205627
PLP15,168,0.463217825,270
PLP16,179,4.926417828,48.62331772
PLP17,178,4.714574814,258.6158447
PLP18,177,3.389403105,195.8440552
PLP19,174,4.917741299,224.8076172
PLP20,167,2.209515572,341.6801758
PLP21,190,9.906669617,144.644104
PLP22,168,2.777189255,270
PLP23,167,1.773398399,156.9403992
PLP24,168,3.561374903,168.7638397
PNF1,4022,22.56975555,303.9248047
PNF2,4057,13.5158062,336.1011963
PNF3,4051,16.97489738,0.761612833
PNP1,3940,16.64800262,227.1182404
PNP2,3948,11.58152008,173.1772156
PNP3,3959,27.1276989,186.8227844
PPF1,1255,18.34617996,294.6616821
PPF2,1166,18.88539696,270
PPF3,1140,16.98618889,270.7633667
PPF4,1048,14.22233105,246.3329773
PPF5,1038,14.24785042,48.92084503
PPF6,1033,18.46629333,257.3284607
PPF7,961,11.7312212,281.3019104
PPF8,910,12.34095478,314.9790649
PPF9,885,21.73915672,220.0509491
PPP1,1162,15.38972473,119.2033539
PPP2,1111,6.651225567,77.9128952
PPP3,1160,17.84465408,108.4236984
PPP4,904,22.0859375,100.4006195
PPP5,861,8.938901901,111.2370453
PPP6,796,19.54675674,126.588028
PPP7,962,25.76501656,115.4684143
PPP8,895,14.23424816,95.52366638
PPP9,875,5.392526627,7.436583042
PSF1,150,17.1291275,246.662735
PSF2,174,5.916352272,205.4115448
PSF3,169,10.15662193,52.16741562
PSF4,187,5.080405235,300.2345581
PSF5,186,6.166962624,340.3226013
PSF6,180,1.352737069,238.8673553
PSF7,173,8.446814537,350.5994568
PSF8,158,0.732911229,108.5499344
PSF9,189,3.964389086,183.3441315
PSF10,172,12.0146513,130.553299
PSF11,185,3.65976572,71.45004272
PSF12,152,11.11863995,218.1043549
PSF13,133,0.657294214,135.1915588
PSF14,147,4.67603159,354.3272095
PSF15,162,8.546263695,62.58839798
PSF16,223,4.981302738,111.9338303
PSF17,220,3.84933567,204.8704071
PSF18,215,12.72229099,149.9100189
PSF19,216,2.09664917,83.61762238
PSF20,193,5.280146599,128.0608063
PSF21,199,7.580070019,289.6577148
PSF22,207,6.94451046,205.5605164
PSF23,214,7.635806084,34.95407867
PSF24,224,6.507815838,297.6315613
PSP1,119,7.152867794,69.10102081
PSP2,137,13.49541283,208.141922
PSP3,107,11.15744305,74.4405365
PSP4,105,3.561383009,168.7631683
PSP5,102,0.932615578,180
PSP6,102,1.356993675,149.2042236
PSP7,102,3.293516874,8.076879501
PUF1,3289,15.99802876,173.5198669
PUF2,3329,15.70616913,165.8465729
PUF3,3360,6.84335804,208.1538086
PUF4,3456,5.815091133,331.5374451
PUF5,3460,0.736871064,341.6705017
PUF6,3457,3.62831068,320.3675842
PUF7,2941,11.23310757,22.76470757
PUF8,2933,5.253483295,48.40167999
PUF9,2926,2.956128359,44.82404327
PUF10,2772,34.4070015,12.96847725
PUF11,2714,12.63336372,41.88939667
PUF12,2691,14.44513607,15.48180866
PUP1,3308,7.606323242,88.25363922
PUP2,3310,6.975898743,176.2091522
PUP3,3331,4.702348709,147.2545929
PUP4,3404,3.018956661,265.5743408
PUP5,3384,4.545414448,284.8302307
PUP6,3406,10.15997791,307.8175659
PUP7,2903,3.666481733,124.8608093
PUP8,2906,4.78326416,151.0952301
PUP9,2901,0.986139655,224.8231964
PUP10,2705,12.3287344,267.8657837
PUP11,2739,18.35301399,246.119812
PUP12,2674,10.78291225,257.6615906
RAF1,1705,21.41997528,30.56707954
RAF2,1727,15.53239155,84.95975494
RAF3,1781,23.7871418,248.8950043
RAF4,1521,24.58953094,66.4096756
RAF5,1527,25.37787437,350.6141357
RAF6,1616,28.32514763,301.3971252
RAP1,1533,21.45103645,304.0073242
RAP2,1608,21.45433807,309.9447937
RAP3,1609,22.8886013,309.5100098
RAP4,1533,21.68178368,317.4763184
RAP5,1521,19.40609169,303.6777039
RAP6,1491,20.86929512,300.112793
RBF1,2660,21.44634247,13.13712215
RBF2,2649,20.07759094,348.4711914
RBF3,2699,15.84496593,217.9413452
RBF4,2560,18.80856514,146.7628479
RBF5,2503,12.78279114,143.8225861
RBF6,2480,23.82261467,216.6875458
RBP1,2612,18.32893372,72.85247803
RBP2,2606,20.45476532,27.89629364
RBP3,2568,12.12807941,29.40771484
RBP4,2588,15.55477905,15.21481323
RBP5,2595,11.90868855,33.92288589
RBP6,2610,26.96518898,65.42040253
RCF1,2749,27.73334503,183.0970154
RCF2,2733,31.05324173,161.1264801
RCF3,2809,35.92124939,186.1092682
RCF4,3253,33.2089653,288.4855652
RCF5,3274,17.53390312,244.0271606
RCF6,3288,16.49968719,260.5102844
RCP1,2613,29.86362457,177.9749908
RCP2,2616,29.37841606,156.6447296
RCP3,2638,11.98286533,4.385981083
RCP4,3422,30.79931259,337.1699219
RCP5,3418,26.08124924,334.9904175
RCP6,3360,27.23424149,31.35445976
SAF1,922,27.08415031,258.5240784
SAF2,1017,44.4564209,181.6656647
SAF3,1102,44.85776138,143.2854767
SAF4,1348,46.16805267,152.0048828
SAF5,1376,36.23588562,143.0975494
SAF6,1379,39.12639999,119.3599548
SAF7,1663,47.946064,156.6095581
SAF8,1830,29.08181763,259.0327759
SAF9,1850,23.90254211,234.0069275
SAF10,2074,17.65270615,256.6917114
SAF11,2039,46.47980118,162.6650543
SAF12,1908,23.7153759,193.4087524
SAP1,1226,6.653752804,245.2514648
SAP2,1213,21.12231827,168.4395599
SAP3,1260,13.51854229,177.0856018
SAP4,1379,27.73080826,252.4272461
SAP5,1397,13.34422398,219.4614258
SAP6,1380,18.79851913,281.0280151
SAP7,1780,25.82489395,198.1513672
SAP8,1723,17.4787178,194.2328949
SAP9,1677,17.63076019,189.5946655
SAP10,1513,22.47418022,216.2270966
SAP11,1468,20.22820854,251.9866486
SAP12,1446,17.57825661,226.0770721
SEF1,2526,32.79886627,123.761261
SEF2,2494,15.72171116,84.19168091
SEF3,2404,31.32381058,99.23544312
SEF4,2319,20.54245567,152.9414215
SEF5,2275,18.27235031,142.0763245
SEF6,2287,22.86068153,39.44659042
SEF7,2223,19.37150764,29.76022911
SEF8,2202,11.95725155,102.2034836
SEF9,2184,9.923391342,85.99829865
01-Sep,2117,6.359706879,100.5193863
02-Sep,2107,4.780277729,119.1207657
03-Sep,2116,2.946050406,341.6117859
SGP1,276,3.662636995,71.46515656
SGP2,286,1.353601813,58.88947678
SGP3,283,4.41287756,341.6644897
SGP4,241,5.817659855,96.88217163
SGP5,244,6.350677967,303.2634583
SGP6,250,3.56149888,168.7537689
SGP7,242,1.911631346,75.88535309
SGP8,251,7.585958481,109.6416397
SGP9,245,1.638998032,81.82322693
SGP10,234,13.05762005,306.6269226
SGP11,232,6.734842777,1.963613153
SGP12,247,4.372877598,122.1537628
SGP13,230,6.899018288,129.7217255
SGP14,236,7.550993919,140.1321259
SGP15,225,6.60307312,198.3361969
SLF1,2513,23.28455544,130.0198822
SLF2,2606,22.54383469,100.7353287
SLF3,2575,27.97775269,151.7664032
SLF4,1891,23.53819847,130.8422089
SLF5,1906,23.7891407,214.7507935
SLF6,1968,21.28926086,169.0307159
SLP1,2549,23.13640976,156.1127014
SLP2,2495,25.01234627,199.6044769
SLP3,2407,24.97454834,174.9256897
SLP4,1937,31.02686691,106.5090332
SLP5,2005,19.6307869,118.6332016
SLP6,2041,17.63581848,170.3022461
SMF1,1502,44.72489166,147.8265686
SMF2,1691,6.680740356,56.22680283
SMF3,1644,36.44483185,341.4198303
SMP1,1356,32.16250992,71.51096344
SMP2,1323,33.57083893,178.2485199
SMP3,1558,37.23757172,145.5439453
SOF1,2751,15.30093002,337.2593994
SOF2,2814,26.74536705,296.3697815
SOF3,2927,31.89534569,301.1051331
SOF4,2660,20.86255836,186.7422485
SOF5,2646,33.52732468,332.1876221
SOF6,2702,28.51833916,320.4830017
SOP1,2508,11.18455982,306.6474609
SOP2,2501,9.781367302,250.7013397
SOP3,2546,14.38921642,267.2723694
SOP4,2804,15.55902386,26.92616272
SOP5,2917,18.27540207,22.44521332
SOP6,2976,26.54402733,59.66191483
TAF1,2499,38.66701508,227.4364929
TAF2,2496,34.22616196,15.5975132
TAF3,2451,12.51081276,261.5628052
TAF4,2356,13.29874706,243.4065552
TAF5,2358,11.81836987,277.8247986
TAF6,2396,27.51156616,277.6335144
TAF7,2429,17.44016457,196.5379486
TAF8,2464,11.49295235,306.9035034
TAF9,2532,21.57828331,257.5202942
TAF10,2639,25.94677544,263.7579651
TAF11,2764,36.26291275,277.3307495
TAF12,2845,17.68515968,250.6190796
TAP1,2325,20.19981766,215.0627441
TAP2,2282,6.895431995,222.2385712
TAP3,2264,7.194113731,178.1546631
TAP4,2435,19.36701584,119.8572769
TAP5,2429,9.669082642,146.7215424
TAP6,2319,18.45856667,46.93990707
TNP1,2913,5.116197109,180
TNP2,2913,2.633580446,224.9427643
TNP3,2906,2.207018137,108.4693527
TNP4,3022,16.81163597,175.373703
TNP5,3025,7.665230751,95.20469666
TNP6,3010,4.287896156,139.4548492
TNP7,3167,17.35821342,147.8085327
TNP8,3142,23.57948112,114.2214432
TNP9,3194,5.921457291,154.4839478
TNP10,3143,5.914270401,244.3964386
TNP11,3119,16.92788696,124.1665421
TNP12,3070,9.195315361,128.9393158
TSF1,2326,4.851588726,106.7190704
TSF2,2327,5.027010441,303.7233276
TSF3,2328,6.460837364,248.9382782
TSF4,2361,12.63766861,112.4056702
TSF5,2340,3.496614456,86.18110657
TSF6,2359,13.09245205,95.01944733
TSF7,2311,9.78992939,44.96273804
TSF8,2308,5.59452343,41.59661102
TSF9,2302,5.623620033,321.7459717
TSF10,2304,3.543189287,113.2255554
TSF11,2304,3.033463717,85.59560394
TSF12,2304,3.036243677,327.562439
TSP1,2474,14.68387508,205.7411499
TSP2,2478,12.51055908,261.5626221
TSP3,2478,0.988559783,44.96419144
TSP4,2294,3.291836023,135.036911
TSP5,2292,3.240637779,248.9377136
TSP6,2288,0.466338694,180
TSP7,2306,4.788727283,209.0234833
TSP8,2327,14.19628334,207.771286
TSP9,2326,10.83222008,102.2799988
TUA1,3794,9.291093826,174.2954865
TUA2,3778,11.12578487,204.4208069
TUA3,3750,12.20643997,196.3728638
TUA4,3739,15.63524818,234.4330444
TUA5,3665,12.19063854,183.2361908
TUA6,3656,11.29457188,33.33774948
TUA7,3675,30.18733788,42.13473892
TUA8,3612,8.770518303,108.4537048
TUA9,3593,11.36312485,211.7314606
TUA10,3710,6.104076862,261.2443542
TUA11,3719,5.818314552,241.3630981
TUA12,3717,8.346658707,340.5796509
TUA13,3807,21.92707634,293.2211914
TUA14,3799,23.161129,182.7233582
TUA15,3813,11.04932594,238.5993195
TUA16,3878,29.42296791,68.40756226
TUA17,3840,13.90125561,104.2792435
TUA18,3871,25.14046288,117.9227066
TUA19,3738,18.33134842,263.6531677
TUA20,3793,12.16959953,215.7601471
TUA21,3763,9.350153923,249.7554626
TUF1,3743,27.11051941,77.60623932
TUF2,3890,36.86009216,68.00395966
TUF3,3763,32.626297,64.38737488
VCF1,2113,23.95139694,331.5828247
VCF2,2072,25.49109268,323.3551025
VCF3,1994,20.68521881,352.5764465
VCF4,2093,15.46196365,245.672348
VCF5,2105,18.09333611,253.3521118
VCF6,2098,31.98587418,219.1540527
VCF7,2167,20.57880592,252.3319702
VCF8,2252,23.26910591,285.3659668
VCF9,2317,43.51389694,223.580246
VIF1,1749,12.11744308,65.35386658
VIF2,1788,14.42099762,108.4528503
VIF3,1733,9.955746651,103.4059601
VIF4,1787,26.66108894,294.927887
VIF5,1830,8.836750984,222.8643951
VIF6,1811,11.27989864,358.8320923
VIF7,2124,15.52222347,10.96966839
VIF8,2107,23.972229,85.27502441
VIF9,2089,21.92803955,66.77999115
VIF10,1923,23.55039024,284.0498047
VIF11,1910,11.55029964,12.64031601
VIF12,1873,30.56805801,86.44470978
VIP1,1706,1.042457104,333.4586792
VIP2,1709,1.646662831,278.1384277
VIP3,1712,0.988664448,224.9702606
VIP4,1745,0.329581171,44.96979141
VIP5,1737,1.921966076,14.02207565
VIP6,1748,5.015656471,76.59383392
VIP7,1883,24.67850876,337.0889587
VIP8,1870,16.79297829,232.6385956
VIP9,1920,11.26867104,268.8296509
VIP10,2021,7.469517708,97.13219452
VIP11,2002,9.786623001,98.13824463
VIP12,1983,5.920310497,48.15104294
D1_1,238,3.034023046,32.37139893
D1_2,239,2.501464367,111.8775253
D1_3,242,2.631158352,224.8898163
D1_4,239,7.51995945,100.6596756
D1_5,231,9.04458046,175.6181335
D1_6,232,1.999928474,54.35789871
D2_1,243,5.451682091,282.3105164
D2_2,242,1.973983407,135.1099701
D2_3,242,0.734780967,108.5010071
D2_4,237,1.316277742,135.1099854
D2_5,239,1.316277027,135.1100159
D2_6,242,3.629206181,50.08615494
D3_1,240,0.32912451,44.89015198
D3_2,236,1.355553269,238.9392548
D3_3,238,2.834083796,9.426776886
D3_4,239,6.541852474,81.83907318
D3_5,238,1.645186543,44.89008713
D3_6,238,0.734780729,251.4989777
D4_1,243,1.039503932,63.34756088
D4_2,242,1.041881919,26.47789764
D4_3,241,2.978982449,141.4465027
D4_4,241,2.083076239,153.522049
D4_5,241,0.987300456,44.89095688
D4_6,242,0.737042069,18.36959076
D5_1,239,0.932615578,180
D5_2,238,1.676544905,236.2091675
D5_3,236,0.466338694,180
D5_4,236,1.041881561,26.47785568
D5_5,236,0.329128921,44.89092255
D5_6,237,1.188617349,191.2680817
D6_1,247,1.774193406,23.11986923
D6_2,246,1.864737272,180
D6_3,247,1.648213029,171.9003296
D6_4,247,1.039512873,63.34780884
D6_5,250,2.367906094,101.3518524
D6_6,252,2.203453064,288.5003357
D7_1,244,2.327258348,216.7645874
D7_2,241,5.130028725,288.500885
D7_3,238,2.392275572,299.1478882
D7_4,243,10.9438591,157.8278198
D7_5,244,5.736816883,158.7037811
D7_6,247,2.93672514,108.5009155
D7_7,251,2.203388691,251.4990845
D8_1,239,8.777533531,256.2780151
D8_2,242,3.561763287,11.26765633
D9_1,246,2.785166979,90
D9_2,238,6.322443008,246.1692047
D9_3,240,13.06188774,181.001236
D9_4,243,9.600848198,144.8861084
D9_5,243,6.453056335,255.4119568
D10_1,248,5.91941309,25.47427559
D11_1,241,4.610816479,40.80573273
D11_2,239,7.54668045,190.5799561
D11_3,241,3.037306786,4.381951332
D12_1,235,2.110430956,186.3159943
D12_2,235,1.184394956,101.352478
D12_3,236,0.737038791,161.6311798
D12_4,237,0.658221722,44.88966751
D13_1,234,0.987275243,44.88948822
D13_2,234,1.35553062,238.9386749
D13_3,233,1.999924064,234.3578033
D13_4,234,2.21014142,18.36882591
E1_1,191,0.737035036,341.6320496
E1_2,192,2.110429764,353.6842957
E1_3,192,1.473826528,341.632019
E1_4,192,3.435649395,151.7924042
E1_5,186,1.469237566,71.49790955
E1_6,190,0.466338694,180
E2_1,194,0.928985417,270
E2_2,188,6.150509834,250.1297607
E2_3,190,3.561755657,168.7329712
E2_4,190,5.633635044,99.49868011
E2_5,189,5.720419884,291.4467468
E2_6,186,7.913368225,142.2335815
E3_1,190,1.041860938,333.5244141
E3_2,192,1.645129204,315.111908
E3_3,191,1.039424062,296.6546326
E3_4,190,2.376203537,168.733017
E3_5,191,1.473825932,198.3679199
E3_6,189,1.645128369,224.8880463
E4_1,187,1.041859865,26.47546577
E4_2,188,1.316230297,224.8879395
E4_3,188,1.769388199,66.72018433
E4_4,192,1.31623292,135.1119537
E4_5,184,0.734733343,71.49774933
E4_6,188,0.329111904,44.88794708
E5_1,188,1.648209333,171.9012146
E5_2,188,4.378636837,237.8937836
E5_3,187,2.834078074,350.5739136
E6_1,185,1.469216466,71.49763489
E6_2,183,1.398769021,180
E6_3,182,2.102381468,96.36489105
E6_4,182,0.329110175,44.88764572
E6_5,183,1.184320211,101.3532028
E6_6,185,1.316226006,315.1122437
E6_7,182,0.737033904,18.3676796
E6_8,182,0.329110712,44.88774109
E7_1,181,1.393294096,270
E7_2,183,1.041858077,153.5247345
E7_3,188,5.805770397,241.2950134
E8_1,187,1.915001512,284.0892639
E8_2,183,3.500957012,176.2008362
E8_3,186,5.470621586,167.7818604
E9_1,184,0.73471868,251.4973602
E9_2,185,0.928955376,270
E9_3,185,0.928953707,270
E9_4,184,1.769347072,66.71960449
E9_5,184,1.184301138,258.6466064
E9_6,183,0.32910797,44.88726425
E10_1,187,6.645985126,192.0486755
E10_2,188,5.100675583,150.029007
E10_3,185,3.390106916,195.8860168
E10_4,190,4.215147495,186.3155518
E11_1,183,2.376200676,191.2666473
E11_2,182,1.678933978,33.58601379
E11_3,182,1.678933024,146.414032
E11_4,183,0.928947985,90
E11_5,183,0.464505345,90
E11_6,183,1.355449677,301.063385
F1_1,200,3.034165144,32.37564087
F1_2,197,1.316377759,135.1056061
F1_3,197,2.110435247,173.6829529
F1_4,197,1.04190588,26.48054123
F1_5,197,0.737050712,18.37162209
F1_6,197,1.355697989,121.0570526
F2_1,213,2.203689814,108.4982834
F2_2,213,6.36E-15,180
F2_3,212,4.555805683,255.2045135
F2_4,212,2.564404249,275.2134705
F2_5,212,1.642407298,81.8403244
F2_6,212,10.42039967,133.3153687
F3_1,204,2.210177422,161.6283722
F3_2,201,3.94358182,135.1057281
F3_3,203,3.964429379,3.354085922
F4_1,200,5.439723969,199.9152069
F4_2,205,6.912139893,140.5442505
F4_3,205,7.330646992,161.6284485
F5_1,199,7.481870651,16.13170242
F5_2,196,9.707139969,95.4606781
F5_3,197,7.520616531,100.6587219
F6_1,189,0.658252716,44.89237213
F6_2,188,0.466338694,1.56E-12
F6_3,189,1.184509277,78.64863586
F6_4,187,0.987325549,315.1075745
F6_5,188,0.734833956,288.4996338
F6_6,188,0.464589208,270
F7_1,187,1.469419241,251.5002747
F7_2,187,0.329136133,224.8921814
F7_3,188,0.987321138,315.1078491
F7_4,186,0.658250988,315.1077881
F7_5,188,0.734831452,71.50030518
F7_6,188,1.469423175,251.5003357
F8_1,197,3.631833076,219.699646
F8_2,192,12.79982281,267.9468994
F8_3,198,5.130333424,251.5002594
F9_1,208,12.18086529,264.5908508
F9_2,205,9.91383934,274.0056458
F9_3,206,2.397191763,331.0352478
F10_1,203,2.979111671,321.4433899
F10_2,204,3.488193035,273.8281555
F10_3,204,1.041904688,333.5195923
F10_4,200,3.350483656,123.7878571
F10_5,202,0.329147637,44.89419174
F10_6,200,1.676679492,123.7877579
F11_1,198,3.561781645,348.7308655
F11_2,198,4.598181248,315.1062927
F11_3,196,1.974108458,315.1063232
F11_4,200,4.004237652,79.95559692
F11_5,199,3.740803957,97.15120697
F11_6,200,4.659287453,275.7316589
F12_1,198,6.035597324,85.5849762
F12_2,201,4.110688686,106.4472809
F12_3,202,5.251597881,44.89346695
